"family_names","family_heights","family_weights","family_bmi"
"Andrew",1.95,94,24.7205785667324
"Sam (Mum)",1.551432,58.0099281993,24.1010985142495
"Jules (Dad)",1.65,61.01044172685,22.4097122963636
"Ash",1.91,89,24.396261067405
"Robin",1.86,81,23.4131113423517
